{

  "custom.boomin": {
    "sounds": [
      "random/boomin"
    ]
  },
  "entity.enderman.stare": {
    "replace": true,
    "sounds": [
      "mob/endermen/tarantella",
	  "mob/endermen/viva"
    ],
    "subtitle": "ohoho"
  },
  "entity.creeper.primed": {
    "replace": true,
    "sounds": [
	  {
        "name": "random/boomin",
        "pitch": 2
      }
	]
  },
  "music_disc.cat": {
    "replace": true,
    "sounds": [
      {
        "name": "records/descarga",
        "stream": true,
		"weight": 1
      },
	  {
        "name": "records/descarga2",
        "stream": true,
		"weight": 4
      }
    ]
  },
  "entity.zombified_piglin.angry": {
  "replace": true,
  "sounds": [
    {
	  "name": "mob/airhorn/airhorng",
	  "weight": 10,
	  "pitch": 1
	},
	{
	  "name": "mob/airhorn/airhorn",
	  "weight": 1,
	  "pitch": 1
	}
  ]
  }
}