{
	"textures": {
        "rice": "block/rice_stage_0",
        "water": "block/water_still_tinted",
		"waterflow": "block/water_flow_tinted",
		"dirt": "minecraft:block/dirt",
		"top": "minecraft:block/farmland_moist",
		"particle":"block/dirt"
    },
    "elements": [
		{   "from": [ 0, 0, 0 ],
            "to": [ 16, 13, 16 ],
            "faces": {
                "down":  { "uv": [ 0, 0, 16, 16 ], "texture": "#dirt", "cullface": "down" },
                "up":    { "uv": [ 0, 0, 16, 16 ], "texture": "#top" },
                "north": { "uv": [ 0, 1, 16, 16 ], "texture": "#dirt", "cullface": "north" },
                "south": { "uv": [ 0, 1, 16, 16 ], "texture": "#dirt", "cullface": "south" },
                "west":  { "uv": [ 0, 1, 16, 16 ], "texture": "#dirt", "cullface": "west" },
                "east":  { "uv": [ 0, 1, 16, 16 ], "texture": "#dirt", "cullface": "east" }
            }
        },
        {
            "from": [0,13,0],
            "to": [16,14.2222,16],
            "faces": {
                "up": {
                    "texture": "#water",
					"tintindex": 0
                },
                "down": {
                    "texture": "#water"
                },
                "west": {
                    "texture": "#waterflow",
					"cullface": "west"
                },
                "east": {
                    "texture": "#waterflow",
					"cullface": "east"
                },
                "north": {
                    "texture": "#waterflow",
					"cullface": "north"
                },
                "south": {
                    "texture": "#waterflow",
					"cullface": "south"
                }
            }
        }
    ]
}