{
    "ambientocclusion": false,
    "textures": {
        "rice": "block/rice_stage_3",
		"particle":"block/dirt"
    },
    "elements": [
        {
            "from": [8,-2,0],
            "to": [8,14,16],
            "faces": {
                "up": {
					"uv": [ 0, 0, 16, 16 ],
                    "texture": "#rice"
                },
                "down": {
                    "uv": [ 0, 0, 16, 16 ],
                    "texture": "#rice"
                },
                "west": {
                    "uv": [ 0, 0, 16, 16 ],
                    "texture": "#rice"
                },
                "east": {
                    "uv": [ 0, 0, 16, 16 ],
                    "texture": "#rice"
                },
                "north": {
                    "uv": [ 0, 0, 16, 16 ],
                    "texture": "#rice"
                },
                "south": {
                    "uv": [ 0, 0, 16, 16 ],
                    "texture": "#rice"
                }
            }
        },
        {
            "from": [0,-2,8],
            "to": [16,14,8],
            "faces": {
                "up": {
					"uv": [ 0, 0, 16, 16 ],
					"texture": "#rice"
                },
                "down": {
                    "uv": [ 0, 0, 16, 16 ],
                    "texture": "#rice"
                },
                "west": {
                    "uv": [ 0, 0, 16, 16 ],
                    "texture": "#rice"
                },
                "east": {
                    "uv": [ 0, 0, 16, 16 ],
                    "texture": "#rice"
                },
                "north": {
                    "uv": [ 0, 0, 16, 16 ],
                    "texture": "#rice"
                },
                "south": {
                    "uv": [ 0, 0, 16, 16 ],
                    "texture": "#rice"
                }
            }
        }
    ]
}